[
  {
    "id": 1001,
    "priority": 1,
    "action": { "type": "block" },
    "condition": {
      "urlFilter": "*://doubleclick.net/*",
      "resourceTypes": ["script", "image", "xmlhttprequest", "sub_frame"]
    }
  },
  {
    "id": 1002,
    "priority": 1,
    "action": { "type": "block" },
    "condition": {
      "urlFilter": "*://googleadservices.com/*",
      "resourceTypes": ["script", "image", "xmlhttprequest", "sub_frame"]
    }
  },
  {
    "id": 1003,
    "priority": 1,
    "action": { "type": "block" },
    "condition": {
      "urlFilter": "*://googlesyndication.com/*",
      "resourceTypes": ["script", "image", "xmlhttprequest", "sub_frame"]
    }
  },
  {
    "id": 1004,
    "priority": 1,
    "action": { "type": "block" },
    "condition": {
      "urlFilter": "*://amazon-adsystem.com/*",
      "resourceTypes": ["script", "image", "xmlhttprequest", "sub_frame"]
    }
  },
  {
    "id": 1005,
    "priority": 1,
    "action": { "type": "block" },
    "condition": {
      "urlFilter": "*://facebook.com/tr*",
      "resourceTypes": ["script", "image", "xmlhttprequest"]
    }
  }
]
