[
  {
    "id": 2001,
    "priority": 1,
    "action": { "type": "block" },
    "condition": {
      "urlFilter": "*://adsystem.amazon.com/*",
      "resourceTypes": ["script", "image", "xmlhttprequest", "sub_frame"]
    }
  },
  {
    "id": 2002,
    "priority": 1,
    "action": { "type": "block" },
    "condition": {
      "urlFilter": "*://connect.facebook.net/*",
      "resourceTypes": ["script"]
    }
  },
  {
    "id": 2003,
    "priority": 1,
    "action": { "type": "block" },
    "condition": {
      "urlFilter": "*://analytics.google.com/*",
      "resourceTypes": ["script", "xmlhttprequest"]
    }
  },
  {
    "id": 2004,
    "priority": 1,
    "action": { "type": "block" },
    "condition": {
      "urlFilter": "*://googletagmanager.com/*",
      "resourceTypes": ["script", "xmlhttprequest"]
    }
  },
  {
    "id": 2005,
    "priority": 1,
    "action": { "type": "block" },
    "condition": {
      "urlFilter": "*://outbrain.com/*",
      "resourceTypes": ["script", "image", "xmlhttprequest"]
    }
  }
]
